ime,na voljo,lokacija,starost,spol,pasma,posvojitev v paru,velikost,živi z otroki
Socks,available,Cornwall,52,Male,Domestic Shorthair,ne,Medium,
Teddy,available,Cornwall,184,Male,Russian White,ne,Medium,ne
Ryobi,available,Berkshire,2,Female,,ne,Can,
Stanley,available,Berkshire,2,Male,,ne,Can,
Ivy,available,Hertfordshire,50,Female,Domestic Shorthair,ne,4,
Pan,available,Hertfordshire,48,,,ne,4,
Cedar,available,Hertfordshire,2,Female,Domestic Shorthair,da,0,
Oak,available,Hertfordshire,2,Female,Domestic Shorthair,da,0,
Sycamore,available,Hertfordshire,2,Male,Domestic Shorthair,da,0,
Acorn,available,Hertfordshire,2,Female,Domestic Shorthair,da,0,
Donald,available,Cornwall,47,Male,Domestic Shorthair,da,Medium,
Tigger,available,Cornwall,90,Male,Domestic Shorthair,da,Medium,
Nyx,available,Bedfordshire,27,Female,Domestic Shorthair,ne,Medium,
Gloria,available,Hertfordshire,144,Female,Domestic Shorthair,ne,12,
Nola,available,Hertfordshire,145,Female,Ragdoll,ne,12,
Rufus,available,Bedfordshire,38,Male,Domestic Shorthair,ne,Medium,ne
Nelly,available,Bedfordshire,138,Female,Domestic Shorthair,da,Medium,
Rusty,available,Bedfordshire,162,Male,Domestic Shorthair,da,Medium,
Hope,available,Cornwall,14,Female,Domestic Shorthair,ne,Medium,
Sorbet,available,Hertfordshire,5,,,da,Cannot,
Scoop,available,Hertfordshire,37,Female,Domestic Shorthair,da,Cannot,
Dakota,available,Hertfordshire,7,Female,Domestic Shorthair,da,0,
Alabama,available,Hertfordshire,7,Female,Domestic Shorthair,da,0,
Bosch,reserved,Berkshire,2,Female,,ne,Can,
Makita,reserved,Berkshire,12,Female,Domestic Shorthair,ne,1,
May,reserved,Berkshire,13,Female,Domestic Shorthair,ne,1,
Felix,reserved,Bedfordshire,63,Male,Domestic Shorthair,ne,Medium,
Leaf,reserved,Bedfordshire,13,Male,Domestic Shorthair,ne,Medium,
Tango,reserved,Berkshire,91,Male,Domestic Shorthair,ne,Can,
Jem,reserved,Berkshire,5,Female,Domestic Shorthair,da,0,
Lucy,reserved,Berkshire,5,Female,Domestic Shorthair,da,0,
Coco,reserved,Cornwall,78,Female,Domestic Shorthair,ne,Medium,
Toast,reserved,Cornwall,41,Male,Domestic Medium Hair,ne,Small,
Kylo Ren,reserved,Bedfordshire,3,Male,Domestic Shorthair,ne,Medium,
Mildred,reserved,Cornwall,102,Female,Domestic Shorthair,ne,Medium,
Bobbie,reserved,Hertfordshire,73,Female,Domestic Shorthair,ne,6,
Hobbes,reserved,Hertfordshire,80,Male,Domestic Shorthair,ne,6,
